{
    "last_updated": "2024-02-27",
    "employees": [
        {
            "name": "user123",
            "realname": "\u85e4\u7530 \u5065\u592a",
            "password": "password123",
            "state": "leave"
        },
        {
            "name": "user124",
            "realname": "\u9ad8\u6a4b \u771f\u4e5f",
            "password": "password124",
            "state": "leave"
        },
        {
            "name": "user125",
            "realname": "\u7aaa\u7530 \u6d69\u6717",
            "password": "password125",
            "state": "leave"
        },
        {
            "name": "user126",
            "realname": "\u6751\u4e0a \u8061",
            "password": "password126",
            "state": "arrive"
        },
        {
            "name": "user127",
            "realname": "\u91ce\u7530 \u82f1\u660e",
            "password": "password127",
            "state": "leave"
        },
        {
            "name": "user128",
            "realname": "\u798f\u7530 \u79c0\u4eba",
            "password": "password128",
            "state": "leave"
        },
        {
            "name": "user129",
            "realname": "\u5b89\u85e4 \u4e45\u4eba",
            "password": "password129",
            "state": "leave"
        },
        {
            "name": "user130",
            "realname": "\u68ee\u4e0b \u88d5\u660e",
            "password": "password130",
            "state": "leave"
        },
        {
            "name": "user131",
            "realname": "\u5927\u6edd \u9756",
            "password": "password131",
            "state": "leave"
        },
        {
            "name": "user132",
            "realname": "\u7267\u91ce \u5409\u6625",
            "password": "password132",
            "state": "leave"
        },
        {
            "name": "user133",
            "realname": "\u5927\u6ca2 \u5fb3\u4e8c",
            "password": "password133",
            "state": "leave"
        },
        {
            "name": "user134",
            "realname": "\u5b9a\u68ee \u79c0",
            "password": "password134",
            "state": "leave"
        }
    ]
}